Iteration,Keygen_ms,Sign_ms,Verify_ms,PK_bytes,Sig_bytes
1,1.6994,15.9097,0.6954,33,64
2,0.7306,0.7695,0.668,33,64
3,0.7088,0.8638,0.6813,33,64
4,0.7236,0.7642,0.7557,33,64
5,0.7367,0.7826,0.656,33,64
6,0.7623,0.7814,0.6637,33,64
7,0.7105,0.7669,0.663,33,64
8,0.7196,0.7557,0.7268,33,64
9,0.7299,0.7695,0.6407,33,64
10,0.7177,0.9216,0.7687,33,64
11,0.73,0.7889,0.6667,33,64
12,0.7208,0.7578,0.6538,33,64
13,0.7177,0.7505,0.7046,33,64
14,0.7236,0.7688,0.6523,33,64
15,1.0214,1.5047,0.722,33,64
16,1.3747,1.6858,1.386,33,64
17,1.6318,1.7164,1.4621,33,64
18,1.6465,1.7478,1.4442,33,64
19,1.6593,1.7506,1.3178,33,64
20,1.6448,1.7479,1.4349,33,64
21,1.4303,1.3728,1.087,33,64
22,1.5374,1.636,1.2388,33,64
23,1.3333,1.7914,1.3836,33,64
24,1.565,1.6607,1.4772,33,64
25,1.6872,1.5547,1.3552,33,64
26,1.6965,1.688,1.3106,33,64
27,1.3866,1.1454,0.6866,33,64
28,0.7207,0.7572,0.6654,33,64
29,0.7351,0.7622,0.6485,33,64
30,0.7144,0.7547,0.6504,33,64
31,0.7125,0.7546,0.6585,33,64
32,0.7032,0.7548,0.6487,33,64
33,0.7003,0.8333,0.6877,33,64
34,0.7197,0.7514,0.6509,33,64
35,0.7115,0.7492,0.6464,33,64
36,0.7096,0.7565,0.6457,33,64
37,0.7159,0.7542,0.6479,33,64
38,0.7091,0.7531,0.6492,33,64
39,0.7014,0.753,0.651,33,64
40,0.6999,1.1867,0.6927,33,64
41,0.71,0.7636,0.6548,33,64
42,0.7136,0.7513,0.6688,33,64
43,0.7161,0.7495,0.6555,33,64
44,0.7115,0.7559,0.6436,33,64
45,0.7113,0.7549,0.6457,33,64
46,0.7129,0.7535,0.6449,33,64
47,0.7107,0.7988,0.687,33,64
48,0.7108,0.7601,0.6548,33,64
49,0.7101,0.7465,0.6483,33,64
50,0.7081,0.7471,0.6482,33,64
51,0.7101,0.8111,0.6702,33,64
52,0.7173,0.7747,0.675,33,64
53,0.7123,0.7548,0.6444,33,64
54,0.7108,0.9753,0.9094,33,64
55,0.7394,0.7608,0.6628,33,64
56,0.7154,0.7756,0.6457,33,64
57,0.7144,0.7596,0.6419,33,64
58,0.7146,0.7566,0.6458,33,64
59,0.7135,0.7561,0.6622,33,64
60,0.6917,0.7528,0.6578,33,64
61,0.6831,0.7509,0.7228,33,64
62,0.8581,0.8142,0.6481,33,64
63,0.7057,0.7598,0.6403,33,64
64,0.7053,0.7483,0.6394,33,64
65,0.7037,0.7499,0.7093,33,64
66,0.6996,0.7452,0.6421,33,64
67,0.6832,0.9097,0.6818,33,64
68,0.713,0.7561,0.6639,33,64
69,1.0823,0.9438,0.6621,33,64
70,0.7771,0.8992,0.7395,33,64
71,0.7092,0.7503,0.6474,33,64
72,0.6997,0.7523,0.6386,33,64
73,0.6959,0.7237,0.6169,33,64
74,0.6766,0.7219,0.6212,33,64
75,0.6777,0.7227,0.7753,33,64
76,0.7255,0.757,0.6393,33,64
77,0.7258,0.7209,0.6515,33,64
78,0.6844,0.7267,0.6168,33,64
79,0.6872,0.7305,0.6215,33,64
80,0.6827,0.7255,0.6229,33,64
81,0.6814,0.724,0.6222,33,64
82,0.6797,0.721,0.6213,33,64
83,0.8682,0.7701,0.6297,33,64
84,0.6807,0.7454,0.6308,33,64
85,0.6775,0.7247,0.6299,33,64
86,0.6778,0.7232,0.6275,33,64
87,0.6802,0.7523,0.6241,33,64
88,0.6829,0.7187,0.6226,33,64
89,0.6832,0.7175,0.6249,33,64
90,0.6824,0.7209,0.7005,33,64
91,0.7151,0.7273,0.6351,33,64
92,0.6825,0.7388,0.6282,33,64
93,0.7058,0.7236,0.6158,33,64
94,0.6831,0.7215,0.6192,33,64
95,0.6819,0.7256,0.6218,33,64
96,0.6853,0.7245,0.6235,33,64
97,0.7078,0.7224,0.6257,33,64
98,0.8422,0.7631,0.6485,33,64
99,0.6854,0.7342,0.6379,33,64
100,0.6797,0.7301,0.6401,33,64
101,0.6871,0.7235,0.6485,33,64
102,0.6895,0.7239,0.6312,33,64
103,0.6898,0.7216,0.6589,33,64
104,0.691,0.7232,0.6307,33,64
105,0.6893,0.747,0.7357,33,64
106,0.6894,0.7356,0.6674,33,64
107,0.6812,0.7312,0.6308,33,64
108,0.6905,0.7252,0.6292,33,64
109,0.6901,0.7248,0.6302,33,64
110,0.6877,0.7244,0.6306,33,64
111,0.6885,0.7221,0.6553,33,64
112,0.6913,0.7281,0.6308,33,64
113,1.0243,0.8214,0.6449,33,64
114,0.6872,0.7378,0.6598,33,64
115,0.6871,0.73,0.6571,33,64
116,0.6925,0.7243,0.633,33,64
117,0.6887,0.724,0.6398,33,64
118,0.6895,0.7221,0.6393,33,64
119,0.7117,0.7298,0.6216,33,64
120,0.6879,0.7836,0.728,33,64
121,0.7249,0.7414,0.6332,33,64
122,0.7108,0.7335,0.663,33,64
123,0.6785,0.7299,0.6298,33,64
124,0.7014,0.7305,0.6292,33,64
125,0.6773,0.7783,0.6398,33,64
126,0.6881,0.7222,0.6492,33,64
127,0.7069,0.7225,1.0768,33,64
128,1.0689,0.8025,0.6516,33,64
129,0.7088,0.7253,0.6515,33,64
130,0.7077,0.7308,0.6294,33,64
131,0.7016,0.7431,0.6217,33,64
132,0.7005,0.7438,0.6206,33,64
133,0.701,0.7424,0.6218,33,64
134,0.6994,0.7418,0.6239,33,64
135,1.0402,0.7769,0.676,33,64
136,0.6987,0.7626,0.6263,33,64
137,0.6929,0.7336,0.6246,33,64
138,0.6892,0.7341,0.6188,33,64
139,0.6872,0.7549,0.6258,33,64
140,0.6907,0.7331,0.6209,33,64
141,0.7044,0.7335,0.6454,33,64
142,0.6778,1.1101,0.6916,33,64
143,0.7014,0.7289,0.6597,33,64
144,0.6925,0.7343,0.6282,33,64
145,0.6928,0.7313,0.6319,33,64
146,0.6902,0.7308,0.6266,33,64
147,0.6907,0.7334,0.6196,33,64
148,0.688,0.731,0.649,33,64
149,0.7285,0.7354,0.6975,33,64
150,0.768,0.7388,0.6592,33,64
151,0.6981,0.7214,0.636,33,64
152,0.6894,0.7224,0.6252,33,64
153,0.694,0.7227,0.6557,33,64
154,0.6902,0.7246,0.6213,33,64
155,0.7073,0.7329,0.6212,33,64
156,0.6888,0.7297,0.6257,33,64
157,0.8714,0.7982,0.6618,33,64
158,0.7071,0.75,0.6527,33,64
159,0.7004,0.7476,0.6474,33,64
160,0.6992,0.7448,0.6411,33,64
161,0.7042,0.741,0.6524,33,64
162,0.7042,0.7412,0.6447,33,64
163,0.7007,0.745,0.6446,33,64
164,0.7013,0.9244,0.6883,33,64
165,0.7379,0.749,0.6395,33,64
166,0.682,0.7345,0.6383,33,64
167,0.6813,0.7573,0.6648,33,64
168,0.69,0.722,0.6259,33,64
169,0.7097,0.7246,0.6383,33,64
170,0.6905,0.7212,0.6443,33,64
171,0.6904,0.7207,1.0678,33,64
172,0.7111,0.7563,0.6399,33,64
173,0.6829,0.7362,0.6647,33,64
174,0.6813,0.7373,0.6315,33,64
175,0.6918,0.7238,0.6259,33,64
176,0.6907,0.7201,0.6298,33,64
177,0.7062,0.7347,0.6364,33,64
178,0.6901,0.7221,0.625,33,64
179,0.756,0.7681,0.6406,33,64
180,0.6829,0.7347,0.634,33,64
181,0.68,0.726,0.6597,33,64
182,0.6833,0.7174,0.6272,33,64
183,0.6828,0.7176,0.6386,33,64
184,0.6838,0.7269,0.6293,33,64
185,0.6823,0.7177,0.6273,33,64
186,0.684,0.7202,0.7759,33,64
187,0.7269,0.7466,0.6247,33,64
188,0.6852,0.727,0.6258,33,64
189,0.6829,0.728,0.6211,33,64
190,0.6827,0.7222,0.6225,33,64
191,0.681,0.7262,0.6114,33,64
192,0.7114,0.7251,0.621,33,64
193,0.6795,0.7228,0.6261,33,64
194,0.6791,1.1907,0.6883,33,64
195,0.6923,0.736,0.6254,33,64
196,0.7169,0.7278,0.6241,33,64
197,0.6854,0.7248,0.6222,33,64
198,0.6992,0.7312,0.6222,33,64
199,0.688,0.7247,0.6202,33,64
200,0.6832,0.722,0.6286,33,64
201,0.6787,0.752,0.7786,33,64
202,0.7261,0.7502,0.6403,33,64
203,0.6916,0.7289,0.6321,33,64
204,0.6883,0.7244,0.6306,33,64
205,0.6898,0.7244,0.6564,33,64
206,0.6905,0.7313,0.6161,33,64
207,0.6901,0.7294,0.6205,33,64
208,0.6918,0.7291,0.6261,33,64
209,0.6862,0.7698,0.6268,33,64
210,0.6878,0.7329,0.6123,33,64
211,0.7149,0.7327,0.6202,33,64
212,0.6863,0.7471,0.6319,33,64
213,0.681,0.7284,0.6372,33,64
214,0.6823,0.7297,0.6339,33,64
215,0.6782,0.8033,0.6406,33,64
216,0.6797,0.73,0.632,33,64
217,0.7389,0.7904,0.6401,33,64
218,0.6902,0.7249,0.6343,33,64
219,0.6858,0.7314,0.6231,33,64
220,0.7205,0.7321,0.6212,33,64
221,0.6888,0.7302,0.6187,33,64
222,0.6889,0.7303,0.6141,33,64
223,0.6869,0.7306,0.6164,33,64
224,0.6874,0.7292,0.62,33,64
225,0.7967,0.7473,0.6366,33,64
226,0.6796,0.7272,0.6475,33,64
227,0.6803,0.7827,0.6771,33,64
228,0.6865,0.7257,0.6257,33,64
229,0.7061,0.7186,0.6407,33,64
230,0.7135,0.7249,0.6397,33,64
231,0.6802,0.7256,0.6418,33,64
232,0.6945,0.8212,0.688,33,64
233,0.7038,0.7525,0.645,33,64
234,0.679,0.7519,0.641,33,64
235,0.6834,0.747,0.6302,33,64
236,0.677,0.7431,0.6448,33,64
237,0.7,0.7182,0.6377,33,64
238,0.7023,0.7183,0.6376,33,64
239,0.7056,0.7191,1.2735,33,64
240,0.6979,0.7618,0.6692,33,64
241,0.7066,0.7379,0.6496,33,64
242,0.7045,0.7192,0.6468,33,64
243,0.7008,0.7178,0.6467,33,64
244,0.7038,0.741,0.615,33,64
245,0.7006,0.7433,0.6173,33,64
246,0.7009,0.8952,0.8309,33,64
247,0.8034,0.8186,0.6254,33,64
248,0.7067,0.7744,0.644,33,64
249,0.6788,0.7483,0.6407,33,64
250,0.6802,0.7401,0.6417,33,64
251,0.6781,0.7428,0.6498,33,64
252,0.6787,0.7867,0.65,33,64
253,0.6957,0.7281,0.6463,33,64
254,0.8777,1.1363,0.7128,33,64
255,0.7157,0.7525,0.6242,33,64
256,0.7035,0.7435,0.6232,33,64
257,0.7006,0.7484,0.6249,33,64
258,0.7017,0.7425,0.6393,33,64
259,0.6854,0.7422,0.6422,33,64
260,0.6769,0.7431,0.6419,33,64
261,0.6768,1.1478,0.6643,33,64
262,0.7258,0.7499,0.6188,33,64
263,0.7047,0.7439,0.6196,33,64
264,0.7017,0.745,0.6223,33,64
265,0.758,0.7497,0.6523,33,64
266,0.6779,0.7469,0.6427,33,64
267,0.6818,0.7466,0.6406,33,64
268,0.6824,0.7435,0.6715,33,64
269,0.7078,0.7194,0.6443,33,64
270,0.705,0.7197,0.6418,33,64
271,0.7025,0.7194,0.6395,33,64
272,0.7057,0.7415,0.6168,33,64
273,0.7012,0.7413,0.6254,33,64
274,0.6984,0.7409,0.6172,33,64
275,0.7008,0.7426,0.6221,33,64
276,0.7003,0.8678,0.6887,33,64
277,0.6861,0.7483,0.6392,33,64
278,0.6781,0.7417,0.6459,33,64
279,0.7014,0.7181,0.6421,33,64
280,0.706,0.7177,0.6451,33,64
281,0.7033,0.7168,0.6393,33,64
282,0.6989,0.741,0.619,33,64
283,0.7166,0.7422,0.6096,33,64
284,0.8347,0.8259,0.6619,33,64
285,0.6858,0.7565,0.6535,33,64
286,0.6814,0.7592,0.6575,33,64
287,0.7022,0.7312,0.6427,33,64
288,0.7086,0.7201,0.6458,33,64
289,0.7091,0.7198,0.6462,33,64
290,0.7089,0.7474,0.6253,33,64
291,0.7137,0.8636,0.9834,33,64
292,0.6983,0.7625,0.6559,33,64
293,0.7094,0.7215,0.6519,33,64
294,0.7077,0.7227,0.6491,33,64
295,0.7099,0.7443,0.6376,33,64
296,0.7104,0.7502,0.6225,33,64
297,0.7259,0.7553,0.626,33,64
298,0.7088,0.7527,0.6544,33,64
299,0.697,0.7537,0.642,33,64
300,0.6895,0.7489,0.655,33,64
301,0.6839,0.7502,0.6512,33,64
302,0.7107,0.7222,0.6456,33,64
303,0.707,0.7231,0.6462,33,64
304,0.7082,0.7195,0.6509,33,64
305,0.7142,0.7514,0.6235,33,64
306,0.7084,0.9357,0.8826,33,64
307,0.6951,0.7623,0.6744,33,64
308,0.6933,0.7244,0.7236,33,64
309,0.741,0.7338,0.6179,33,64
310,0.6886,0.7309,0.6262,33,64
311,0.7082,0.7332,0.6472,33,64
312,0.6881,0.7315,0.6251,33,64
313,0.6847,0.7299,0.6132,33,64
314,0.8275,0.7734,0.6405,33,64
315,0.6821,0.7316,0.6575,33,64
316,0.682,0.7316,0.6277,33,64
317,0.6815,0.7304,0.6299,33,64
318,0.6884,0.7184,0.6334,33,64
319,0.7035,0.7333,0.6268,33,64
320,0.6901,0.7189,0.6324,33,64
321,0.6865,0.7179,0.9734,33,64
322,0.7283,0.7384,0.6487,33,64
323,0.7017,0.72,0.65,33,64
324,0.6995,0.7187,0.641,33,64
325,0.7104,0.7471,0.6168,33,64
326,0.7042,0.7418,0.6234,33,64
327,0.7032,0.7427,0.6249,33,64
328,0.7071,0.7407,0.6136,33,64
329,0.7591,0.757,0.6428,33,64
330,0.6783,0.7441,0.6441,33,64
331,0.679,0.7432,0.6439,33,64
332,0.6772,0.7414,0.6495,33,64
333,0.7036,0.731,0.6433,33,64
334,0.7015,0.721,0.6395,33,64
335,0.6991,0.7183,0.6386,33,64
336,0.7011,0.727,0.9164,33,64
337,0.7481,0.8006,0.6817,33,64
338,0.6849,0.7383,0.6358,33,64
339,0.6925,0.9796,0.6815,33,64
340,0.7171,0.7792,0.6283,33,64
341,0.7118,0.7533,0.6213,33,64
342,0.7085,0.7622,0.6224,33,64
343,0.7118,0.9351,0.6857,33,64
344,0.7145,0.7275,0.6742,33,64
345,0.7123,0.7255,0.6526,33,64
346,0.7089,0.7436,0.6377,33,64
347,0.7086,0.7534,0.6241,33,64
348,0.709,0.7526,0.6241,33,64
349,0.7297,0.751,0.6204,33,64
350,0.7068,0.7492,0.6887,33,64
351,0.7165,0.7686,0.6604,33,64
352,0.6822,0.7479,0.6571,33,64
353,0.726,0.7251,0.6497,33,64
354,0.7117,0.7213,0.6451,33,64
355,0.7114,0.7461,0.6686,33,64
356,0.7135,0.7628,0.6177,33,64
357,0.7113,0.752,0.6219,33,64
358,0.7075,0.7787,0.66,33,64
359,0.6801,0.7502,0.6587,33,64
360,0.6794,0.7501,0.6495,33,64
361,0.7056,0.7375,0.6508,33,64
362,0.71,0.7198,0.6504,33,64
363,0.6875,0.7195,0.6238,33,64
364,0.6873,0.7209,0.6225,33,64
365,0.6868,0.7555,1.0581,33,64
366,0.7071,0.7792,0.6393,33,64
367,0.6827,0.7545,0.6311,33,64
368,0.7134,0.722,0.6183,33,64
369,0.6906,0.7221,0.6361,33,64
370,0.6891,0.719,0.6602,33,64
371,0.6911,0.7198,0.6242,33,64
372,0.689,0.7283,0.6244,33,64
373,0.7415,0.7382,0.6282,33,64
374,0.6933,0.7313,0.6182,33,64
375,0.6877,0.757,0.6272,33,64
376,0.6871,0.7298,0.6246,33,64
377,0.6875,0.7305,0.6324,33,64
378,0.6797,0.7285,0.6313,33,64
379,0.6786,0.7304,0.6563,33,64
380,0.6806,0.7305,0.6777,33,64
381,0.7078,0.739,0.6482,33,64
382,0.6906,0.7242,0.6306,33,64
383,0.687,0.7205,0.6308,33,64
384,0.6882,0.7224,0.6502,33,64
385,0.6891,0.7223,0.6188,33,64
386,0.6874,0.742,0.6359,33,64
387,0.6886,0.7293,0.6237,33,64
388,0.6861,0.8266,0.7101,33,64
389,0.7122,0.7531,0.6509,33,64
390,0.7082,0.7484,0.6477,33,64
391,0.7043,0.7482,0.643,33,64
392,0.7041,0.7465,0.6413,33,64
393,0.7039,0.745,0.646,33,64
394,0.704,0.7447,0.6478,33,64
395,0.6991,0.7432,0.7912,33,64
396,0.8029,0.8836,0.6703,33,64
397,0.7207,0.7713,0.6548,33,64
398,0.7032,0.7469,0.6625,33,64
399,0.6923,0.7527,0.6472,33,64
400,0.6909,0.7312,0.6652,33,64
401,0.6896,0.7295,0.6181,33,64
402,0.6859,0.7311,0.6547,33,64
403,0.8532,0.9135,0.7268,33,64
404,0.7327,0.7523,0.6464,33,64
405,0.7058,0.7509,0.6394,33,64
406,0.7074,0.7449,0.6372,33,64
407,0.7017,0.7438,0.6366,33,64
408,0.7056,0.7464,0.6454,33,64
409,0.6992,0.7481,0.661,33,64
410,0.7031,0.7653,0.6572,33,64
411,0.7034,0.775,0.6606,33,64
412,0.7065,0.7199,0.7071,33,64
413,0.7422,0.7859,0.6294,33,64
414,0.7029,0.7435,0.6139,33,64
415,0.7042,0.7407,0.6266,33,64
416,0.7006,0.7438,0.6174,33,64
417,0.7441,0.8013,0.7465,33,64
418,0.7008,0.7462,0.6641,33,64
419,0.6929,0.7246,0.6304,33,64
420,0.6888,0.7231,0.6257,33,64
421,0.6884,0.7207,0.627,33,64
422,0.6865,0.7203,0.6579,33,64
423,0.6892,0.7307,0.6181,33,64
424,0.7046,0.7355,0.6217,33,64
425,0.6898,0.8947,0.8903,33,64
426,0.6951,0.745,0.6645,33,64
427,0.6923,0.7232,0.633,33,64
428,0.6901,0.7206,0.6256,33,64
429,0.6889,0.7202,0.63,33,64
430,0.71,0.7202,0.6233,33,64
431,0.6892,0.7329,0.6254,33,64
432,0.7143,0.7348,0.6289,33,64
433,1.1207,0.7832,0.6443,33,64
434,0.6939,0.7243,0.6341,33,64
435,0.6884,0.7251,0.6322,33,64
436,0.6878,0.7204,0.6632,33,64
437,0.6894,0.7224,0.6299,33,64
438,0.7085,0.738,0.623,33,64
439,0.6889,0.729,0.6185,33,64
440,0.6893,0.8498,0.6602,33,64
441,0.7237,0.7463,0.6415,33,64
442,0.6804,0.7289,0.6597,33,64
443,0.6814,0.7296,0.6302,33,64
444,0.6816,0.7333,0.6306,33,64
445,0.6772,0.7297,0.6339,33,64
446,0.6989,0.7353,0.6328,33,64
447,0.6874,0.7222,0.6332,33,64
448,0.7744,0.7307,0.6333,33,64
449,0.6893,0.7296,0.6324,33,64
450,0.6884,0.745,0.6319,33,64
451,0.712,0.733,0.6232,33,64
452,0.6873,0.7497,0.6223,33,64
453,0.6886,0.7409,0.6348,33,64
454,0.6849,0.7285,0.6278,33,64
455,0.6789,0.7555,0.7426,33,64
456,0.7239,0.7511,0.6388,33,64
457,0.705,0.7324,0.6391,33,64
458,0.6879,0.7209,0.6355,33,64
459,0.6859,0.7199,0.6315,33,64
460,0.6858,0.7195,0.6555,33,64
461,0.6891,0.7291,0.6143,33,64
462,0.6864,0.7276,0.6257,33,64
463,0.6864,0.8488,0.677,33,64
464,0.6927,0.7232,0.6362,33,64
465,0.7056,0.7334,0.6397,33,64
466,0.6894,0.722,0.6432,33,64
467,0.6882,0.7285,0.6161,33,64
468,0.6882,0.7301,0.6227,33,64
469,0.6882,0.7505,0.6212,33,64
470,0.7138,0.7317,0.616,33,64
471,1.0985,0.7603,0.6418,33,64
472,0.6927,0.7239,0.6325,33,64
473,0.6893,0.7209,0.637,33,64
474,0.6904,0.7189,0.6595,33,64
475,0.6898,0.7254,0.6332,33,64
476,0.6883,0.7299,0.6203,33,64
477,0.6922,0.7285,0.6115,33,64
478,0.6992,0.9864,0.6697,33,64
479,0.6863,0.7654,0.6347,33,64
480,0.6979,1.162,0.6728,33,64
481,0.6907,0.781,0.6379,33,64
482,0.6925,0.7262,0.6341,33,64
483,0.6906,0.7215,0.6655,33,64
484,0.693,0.7217,0.645,33,64
485,0.6905,0.8629,1.1599,33,64
486,0.7351,0.7479,0.6472,33,64
487,0.6912,0.7236,0.6387,33,64
488,0.7177,0.7356,0.6198,33,64
489,0.6877,0.7324,0.6198,33,64
490,0.6878,0.7301,0.6229,33,64
491,0.6898,0.7325,0.6238,33,64
492,0.6884,0.7359,0.6399,33,64
493,0.8403,0.7975,0.6619,33,64
494,0.7035,0.749,0.6685,33,64
495,0.7088,0.7434,0.6538,33,64
496,0.7041,0.7423,0.643,33,64
497,0.7029,0.7463,0.6419,33,64
498,0.7107,0.7477,0.6361,33,64
499,0.7037,0.7443,0.6449,33,64
500,0.7001,0.9771,0.7173,33,64
501,0.7209,0.7535,0.6644,33,64
502,0.7049,0.7209,0.6483,33,64
503,0.7019,0.7299,0.6285,33,64
504,0.7021,0.7426,0.6137,33,64
505,0.7016,0.7405,0.625,33,64
506,0.7008,0.7401,0.6137,33,64
507,0.7011,0.7447,0.6146,33,64
508,0.7185,0.7419,0.656,33,64
509,0.6787,0.7434,0.6386,33,64
510,0.678,0.7422,0.641,33,64
511,0.6776,0.7405,0.6381,33,64
512,0.6793,0.7474,0.641,33,64
513,0.7004,0.7189,0.6416,33,64
514,0.6997,0.7176,0.643,33,64
515,0.6994,0.7165,0.7346,33,64
516,0.7278,0.7546,0.6271,33,64
517,0.7078,0.7483,0.664,33,64
518,0.7095,0.7461,0.6379,33,64
519,0.6793,0.7437,0.647,33,64
520,0.6771,0.74,0.6442,33,64
521,0.6781,0.7423,0.6885,33,64
522,0.6971,0.7334,0.6416,33,64
523,0.7512,0.7473,0.6595,33,64
524,0.7089,0.7494,0.6231,33,64
525,0.7049,0.7686,0.6235,33,64
526,0.7073,0.7495,0.6174,33,64
527,0.7082,0.7466,0.6147,33,64
528,0.705,0.7472,0.638,33,64
529,0.6762,0.7459,0.6434,33,64
530,0.6806,0.7449,0.7015,33,64
531,0.7891,0.7721,0.6268,33,64
532,0.7077,0.7523,0.6253,33,64
533,0.7052,0.7486,0.6438,33,64
534,0.6764,0.7463,0.6522,33,64
535,0.6788,0.7495,0.6517,33,64
536,0.6786,0.7507,0.6577,33,64
537,0.7198,0.7236,0.6466,33,64
538,0.754,0.7337,0.6452,33,64
539,0.7029,0.7432,0.6197,33,64
540,0.7041,0.7436,0.6222,33,64
541,0.7025,0.7387,0.6178,33,64
542,0.7008,0.7392,0.6168,33,64
543,0.6996,0.7415,0.6329,33,64
544,0.6941,0.7376,0.6291,33,64
545,0.6883,0.7399,0.7922,33,64
546,0.7804,0.7494,0.6555,33,64
547,0.7106,0.7274,0.6459,33,64
548,0.7301,0.8679,0.7168,33,64
549,0.7085,0.7288,0.6485,33,64
550,0.6927,0.7244,0.6297,33,64
551,0.6807,0.7415,0.634,33,64
552,0.6762,0.7239,0.7623,33,64
553,0.7012,0.7283,0.6307,33,64
554,0.6838,0.7238,0.6596,33,64
555,0.6838,0.7178,0.6263,33,64
556,0.6832,0.7177,0.6181,33,64
557,0.6823,0.7246,0.6196,33,64
558,0.6811,0.723,0.6156,33,64
559,0.6829,0.7378,0.6299,33,64
560,0.683,0.8915,0.9383,33,64
561,0.7015,0.7421,0.6352,33,64
562,0.6843,0.7216,0.6311,33,64
563,0.6833,0.7261,0.6625,33,64
564,0.6837,0.7215,0.6265,33,64
565,0.682,0.7184,0.6463,33,64
566,0.6858,0.728,0.6163,33,64
567,0.6849,0.724,0.6195,33,64
568,0.729,0.7566,0.7138,33,64
569,0.7422,0.7391,0.6155,33,64
570,0.7075,0.7267,0.6146,33,64
571,0.6838,0.7252,0.6216,33,64
572,0.6998,0.7233,0.6298,33,64
573,0.6778,0.7516,0.6271,33,64
574,0.6798,0.7224,0.6157,33,64
575,0.677,0.723,0.7326,33,64
576,0.7213,0.7322,0.6287,33,64
577,0.6825,0.7203,0.6246,33,64
578,0.6853,0.72,0.6498,33,64
579,0.6817,0.7185,0.6241,33,64
580,0.6986,0.7254,0.619,33,64
581,0.6813,0.723,0.6253,33,64
582,0.6805,0.7326,0.6222,33,64
583,0.681,0.9193,0.84,33,64
584,0.6933,0.7402,0.6366,33,64
585,0.6785,0.7375,0.6249,33,64
586,0.6843,0.7195,0.6273,33,64
587,0.6838,0.7197,0.6514,33,64
588,0.6834,0.72,0.6346,33,64
589,0.6836,0.7178,0.628,33,64
590,0.6837,0.7196,0.6315,33,64
591,0.9386,0.923,0.6424,33,64
592,0.6878,0.7589,0.6554,33,64
593,0.685,0.7523,0.6293,33,64
594,0.6815,0.7424,0.6223,33,64
595,0.6857,0.7188,0.6277,33,64
596,0.6833,0.7202,0.6167,33,64
597,0.6817,0.7198,0.6576,33,64
598,0.6822,0.7344,0.7213,33,64
599,0.7184,0.7351,0.62,33,64
600,0.6845,0.739,0.644,33,64
601,0.6855,0.7221,0.6145,33,64
602,0.6818,0.7509,0.6243,33,64
603,0.6811,0.7245,0.6163,33,64
604,0.6837,0.7218,0.6205,33,64
605,0.6817,0.7214,0.6275,33,64
606,0.6755,0.9804,0.6732,33,64
607,0.7246,0.7386,0.6309,33,64
608,0.6897,0.7352,0.621,33,64
609,0.7068,0.7344,0.623,33,64
610,0.6889,0.7308,0.6248,33,64
611,0.689,0.7286,0.6369,33,64
612,0.6803,0.7802,0.6415,33,64
613,0.6811,0.7301,0.6704,33,64
614,0.7137,0.7403,0.6311,33,64
615,0.6918,0.7227,0.6331,33,64
616,0.6893,0.7261,0.6218,33,64
617,0.7135,0.7219,0.634,33,64
618,0.6884,0.7252,0.6299,33,64
619,0.6875,0.7296,0.6225,33,64
620,0.6856,0.7298,0.6197,33,64
621,0.6863,0.8226,0.6744,33,64
622,0.6976,0.7343,0.6202,33,64
623,0.6874,0.7477,0.6277,33,64
624,0.6795,0.7325,0.6251,33,64
625,0.6842,0.7293,0.6246,33,64
626,0.6792,0.7574,0.6306,33,64
627,0.6778,0.7301,0.6316,33,64
628,0.6811,0.73,0.6318,33,64
629,0.7334,0.7829,0.6337,33,64
630,0.6903,0.7266,0.6274,33,64
631,0.7163,0.7343,0.6192,33,64
632,0.6903,0.7301,0.6226,33,64
633,0.6862,0.7316,0.6173,33,64
634,0.6882,0.7314,0.6196,33,64
635,0.6868,0.7308,0.6213,33,64
636,0.6857,0.7528,0.6146,33,64
637,1.1244,0.7518,0.6648,33,64
638,0.6946,0.7247,0.6299,33,64
639,0.6894,0.7208,0.6308,33,64
640,0.6893,0.7302,0.6284,33,64
641,0.7147,0.7545,0.6264,33,64
642,0.6886,0.7335,0.6203,33,64
643,0.6922,0.7334,0.6233,33,64
644,0.6872,0.8336,0.652,33,64
645,0.6828,0.7732,0.6327,33,64
646,0.7043,0.7289,0.6289,33,64
647,0.6792,0.7308,0.6176,33,64
648,0.6777,0.7292,0.6293,33,64
649,0.6867,0.7189,0.6369,33,64
650,0.6878,0.7182,0.651,33,64
651,0.6931,0.7223,0.638,33,64
652,0.7647,0.7743,0.6301,33,64
653,0.6911,0.7365,0.6292,33,64
654,0.6872,0.745,0.7171,33,64
655,0.6866,0.76,0.6375,33,64
656,0.6785,0.7325,0.629,33,64
657,0.6792,0.7504,0.6333,33,64
658,0.6925,0.7187,0.6322,33,64
659,0.6889,0.7187,1.016,33,64
660,0.7238,0.755,0.6489,33,64
661,0.6846,0.7342,0.6352,33,64
662,0.6781,0.733,0.6375,33,64
663,0.6794,0.7294,0.6406,33,64
664,0.68,0.7578,0.6407,33,64
665,0.6801,0.7295,0.6357,33,64
666,0.7055,0.7251,0.7636,33,64
667,0.7259,0.7484,0.6302,33,64
668,0.6901,0.7334,0.6177,33,64
669,0.7183,0.7366,0.6275,33,64
670,0.6911,0.7606,0.6228,33,64
671,0.7357,0.7541,0.6394,33,64
672,0.6789,0.7327,0.6385,33,64
673,0.682,0.73,0.637,33,64
674,0.6771,1.1947,0.6934,33,64
675,0.6917,0.746,0.6423,33,64
676,0.6799,0.7336,0.6342,33,64
677,0.6798,0.7314,0.6402,33,64
678,0.6927,0.7241,0.6607,33,64
679,0.6916,0.7254,0.6254,33,64
680,0.705,0.7215,0.629,33,64
681,0.6899,0.7209,0.6909,33,64
682,0.7016,0.7414,0.6214,33,64
683,0.6893,0.7607,0.6216,33,64
684,0.6847,0.7246,0.6208,33,64
685,0.6826,0.7239,0.6553,33,64
686,0.6784,0.7291,0.6322,33,64
687,0.6772,0.7239,0.64,33,64
688,0.6868,0.7223,0.6276,33,64
689,0.6767,0.7961,0.6361,33,64
690,0.6805,0.7259,0.6241,33,64
691,0.6842,0.7185,0.6165,33,64
692,0.685,0.7168,0.6494,33,64
693,0.6823,0.718,0.6222,33,64
694,0.6835,0.7183,0.6419,33,64
695,0.6844,0.7366,0.6274,33,64
696,0.6801,0.7178,0.6194,33,64
697,0.7743,0.7812,0.6339,33,64
698,0.6859,0.7232,0.6247,33,64
699,0.6825,0.7266,0.6246,33,64
700,0.6835,0.7258,0.6206,33,64
701,0.683,0.7231,0.609,33,64
702,0.6821,0.7226,0.6427,33,64
703,0.6892,0.7235,0.6252,33,64
704,0.6794,0.7227,0.7219,33,64
705,0.6887,0.7345,0.6246,33,64
706,0.6829,0.7245,0.6288,33,64
707,0.6827,0.7191,0.6438,33,64
708,0.6823,0.7182,0.6246,33,64
709,0.7013,0.7226,0.6291,33,64
710,0.6814,0.7168,0.622,33,64
711,0.683,0.7173,0.618,33,64
712,0.6827,0.7169,0.8213,33,64
713,0.7098,0.7434,0.6222,33,64
714,0.6845,0.726,0.6275,33,64
715,0.6821,0.7266,0.62,33,64
716,0.683,0.724,0.633,33,64
717,0.6904,0.7276,0.6223,33,64
718,0.676,0.7214,0.6238,33,64
719,0.6775,0.7229,0.6284,33,64
720,0.676,0.8179,0.6304,33,64
721,0.6854,0.7283,0.6705,33,64
722,0.6832,0.7339,0.7903,33,64
723,0.8218,0.7576,0.6255,33,64
724,0.6841,0.7268,0.6362,33,64
725,0.6819,0.7299,0.6178,33,64
726,0.6835,0.7257,0.6165,33,64
727,0.7096,0.7283,0.7258,33,64
728,1.2962,0.7879,0.6414,33,64
729,0.6936,0.7259,0.6322,33,64
730,0.6929,0.7245,0.6352,33,64
731,0.7055,0.7348,0.6368,33,64
732,0.6873,0.7215,0.6302,33,64
733,0.6987,0.7282,0.6219,33,64
734,0.687,0.7296,0.6244,33,64
735,0.7248,0.7326,0.6237,33,64
736,0.7159,0.7332,0.625,33,64
737,0.6897,0.7524,0.6228,33,64
738,0.7036,0.731,0.6327,33,64
739,0.6798,0.7356,0.6297,33,64
740,0.6801,0.7284,0.634,33,64
741,0.6806,0.7551,0.6289,33,64
742,0.6896,0.7753,0.7154,33,64
743,0.7499,0.74,0.6329,33,64
744,0.6911,0.7525,0.6216,33,64
745,0.6924,0.7455,0.6496,33,64
746,0.6863,0.7299,0.6061,33,64
747,0.6875,0.7339,0.6281,33,64
748,0.6902,0.7302,0.6177,33,64
749,0.6873,0.7313,0.6192,33,64
750,0.6892,0.8189,0.6436,33,64
751,0.6814,0.7301,0.6329,33,64
752,0.6799,0.7476,0.6346,33,64
753,0.6795,0.7342,0.6302,33,64
754,0.6897,0.7206,0.6468,33,64
755,0.6893,0.721,0.6573,33,64
756,0.6885,0.721,0.6198,33,64
757,0.6886,0.7187,0.6657,33,64
758,1.0012,0.8187,0.6655,33,64
759,0.6844,0.7487,0.6568,33,64
760,0.6831,0.7453,0.6449,33,64
761,0.6793,0.7909,0.6691,33,64
762,0.7095,0.726,0.6339,33,64
763,0.6917,0.7272,0.6256,33,64
764,0.6904,0.7345,0.6201,33,64
765,0.9057,0.7757,0.6496,33,64
766,0.6804,0.757,0.6466,33,64
767,0.6805,0.7488,0.6514,33,64
768,0.6771,0.7427,0.6452,33,64
769,0.6782,0.7316,0.6415,33,64
770,0.7002,0.7175,0.6462,33,64
771,0.7008,0.7185,0.644,33,64
772,0.7022,0.7185,0.8408,33,64
773,0.7293,0.76,0.6297,33,64
774,0.6916,0.7621,0.6362,33,64
775,0.6805,0.7587,0.6364,33,64
776,0.6822,0.7337,0.6325,33,64
777,0.6798,0.7303,0.6331,33,64
778,0.6792,0.7318,0.6436,33,64
779,0.7014,0.7356,0.6334,33,64
780,0.722,0.7252,0.6437,33,64
781,0.691,0.7228,0.6322,33,64
782,0.6882,0.725,0.6266,33,64
783,0.6883,0.7452,0.634,33,64
784,0.6897,0.7294,0.6251,33,64
785,0.7095,0.7312,0.6191,33,64
786,0.6877,0.7341,0.6222,33,64
787,0.6894,0.734,0.6196,33,64
788,1.1234,0.7614,0.6411,33,64
789,0.6922,0.7258,0.6314,33,64
790,0.6899,0.7224,0.6362,33,64
791,0.69,0.7333,0.6336,33,64
792,0.6891,0.7328,0.6217,33,64
793,0.6864,0.7547,0.6255,33,64
794,0.6863,0.7299,0.6172,33,64
795,0.7063,0.9223,0.6596,33,64
796,0.6867,0.7332,0.634,33,64
797,0.6806,0.7338,0.66,33,64
798,0.6899,0.7197,0.6317,33,64
799,0.6882,0.7206,0.6315,33,64
800,0.6882,0.7186,0.6372,33,64
801,0.6878,0.7203,0.6307,33,64
802,0.6894,0.7232,0.6516,33,64
803,1.0471,1.4949,1.2948,33,64
804,1.4101,1.4971,1.2651,33,64
805,0.9103,0.7832,0.656,33,64
806,0.7066,0.7551,0.6467,33,64
807,0.7028,0.7636,0.6471,33,64
808,0.7054,0.7423,0.7069,33,64
809,0.8694,0.7761,0.6312,33,64
810,0.7154,0.7364,0.6276,33,64
811,0.6905,0.7301,0.6264,33,64
812,0.7119,0.7338,0.6281,33,64
813,0.6803,0.7295,0.6386,33,64
814,0.679,0.7277,0.6291,33,64
815,0.6805,0.754,0.6374,33,64
816,0.6778,1.2875,0.6797,33,64
817,0.6913,0.7298,0.6344,33,64
818,0.6886,0.7236,0.6289,33,64
819,0.6894,0.7213,0.6626,33,64
820,0.6917,0.7211,0.6222,33,64
821,0.709,0.7321,0.6246,33,64
822,0.6878,0.7314,0.6255,33,64
823,0.6919,0.8489,0.7316,33,64
824,0.8322,0.7532,0.6494,33,64
825,0.7003,0.7476,0.6465,33,64
826,0.752,0.7648,0.6784,33,64
827,0.7316,0.757,0.6445,33,64
828,0.703,0.7436,0.6837,33,64
829,0.7134,0.7482,0.6539,33,64
830,0.7031,0.7758,0.6549,33,64
831,0.7127,0.7503,0.64,33,64
832,0.7058,0.7452,0.6391,33,64
833,0.7028,0.7453,0.6463,33,64
834,0.6977,0.7463,0.6393,33,64
835,0.6999,0.761,0.6486,33,64
836,0.7007,0.7434,0.6525,33,64
837,0.7044,0.7426,0.6371,33,64
838,0.7669,0.7621,0.6695,33,64
839,0.7232,0.7539,0.6662,33,64
840,0.7081,0.746,0.6377,33,64
841,0.731,0.7521,0.6813,33,64
842,0.703,0.7501,0.6484,33,64
843,0.6984,0.7472,0.6421,33,64
844,0.7021,0.7395,0.6478,33,64
845,0.7031,0.7393,1.0688,33,64
846,0.7353,0.7961,0.6556,33,64
847,0.7052,0.7483,0.6446,33,64
848,0.699,0.744,0.6443,33,64
849,0.7213,0.744,0.651,33,64
850,0.7048,0.7488,0.6512,33,64
851,0.7016,0.7516,0.6217,33,64
852,0.7048,0.7422,0.6171,33,64
853,0.7389,0.7462,0.6126,33,64
854,0.747,0.7473,0.6491,33,64
855,0.6761,0.7419,0.642,33,64
856,0.6791,0.7413,0.641,33,64
857,0.6762,0.7452,0.6407,33,64
858,0.678,0.7418,0.6464,33,64
859,0.6998,0.7189,0.6391,33,64
860,0.6997,0.7185,0.7263,33,64
861,0.7324,0.7597,0.6243,33,64
862,0.705,0.7432,0.6231,33,64
863,0.6987,0.7618,0.621,33,64
864,0.7013,0.7434,0.6131,33,64
865,0.6991,0.7436,0.6352,33,64
866,0.6764,0.7448,0.6477,33,64
867,0.6773,0.7409,0.6461,33,64
868,0.6804,0.9329,0.6942,33,64
869,0.729,0.8078,0.6238,33,64
870,0.7119,0.7577,0.6195,33,64
871,0.7175,0.759,0.6318,33,64
872,0.7073,0.7524,0.649,33,64
873,0.68,0.7487,0.6493,33,64
874,0.6795,0.7467,0.6575,33,64
875,0.6812,0.7486,0.7484,33,64
876,0.7568,0.7414,0.6558,33,64
877,0.7166,0.7716,0.629,33,64
878,0.7115,0.7526,0.629,33,64
879,0.706,0.7546,0.6201,33,64
880,0.7063,0.7495,0.6454,33,64
881,0.6914,0.7532,0.6502,33,64
882,0.6784,0.7542,0.6538,33,64
883,0.6795,0.8957,0.8014,33,64
884,0.6855,0.7534,0.6564,33,64
885,0.6801,0.7543,0.6538,33,64
886,0.6785,0.7491,0.6497,33,64
887,0.7081,0.719,0.6534,33,64
888,0.7054,0.7213,0.6447,33,64
889,0.7052,0.7217,0.6489,33,64
890,0.7046,0.8229,0.7128,33,64
891,0.7243,0.7816,0.6638,33,64
892,0.6831,0.7524,0.6506,33,64
893,0.6978,0.732,0.6339,33,64
894,0.6771,0.7291,0.655,33,64
895,0.6903,0.7216,0.6322,33,64
896,0.6875,0.7196,0.6337,33,64
897,0.6884,0.7207,0.6261,33,64
898,0.7466,0.7279,0.6259,33,64
899,0.688,0.7463,0.64,33,64
900,0.6882,0.733,0.6198,33,64
901,0.6863,0.7289,0.6288,33,64
902,0.6876,0.7295,0.6216,33,64
903,0.6852,0.7292,0.6224,33,64
904,0.7194,0.7323,0.6174,33,64
905,0.6872,0.7281,0.6809,33,64
906,1.0728,0.7448,0.6409,33,64
907,0.6924,0.7264,0.6182,33,64
908,0.6886,0.7306,0.6226,33,64
909,0.7152,0.7346,0.6213,33,64
910,0.6878,0.7324,0.6188,33,64
911,0.6885,0.7313,0.6202,33,64
912,0.6894,0.7857,0.6859,33,64
913,0.8198,0.9934,0.668,33,64
914,0.7221,0.7608,0.6377,33,64
915,0.6798,0.7327,0.6224,33,64
916,0.6838,0.733,0.6262,33,64
917,0.6818,0.7385,0.6339,33,64
918,0.6817,0.7542,0.6391,33,64
919,0.6787,0.728,0.6444,33,64
920,0.6883,0.7204,1.0091,33,64
921,0.7453,0.7532,0.6234,33,64
922,0.6925,0.736,0.6417,33,64
923,0.6981,0.7349,0.6311,33,64
924,0.6768,0.755,0.6323,33,64
925,0.6814,0.7311,0.6322,33,64
926,0.6777,0.7325,0.6382,33,64
927,0.6786,0.7281,0.6705,33,64
928,0.734,0.7231,0.6283,33,64
929,0.6893,0.7198,0.6294,33,64
930,0.6895,0.7201,0.6589,33,64
931,0.69,0.7291,0.6419,33,64
932,0.6867,0.7664,0.6315,33,64
933,0.6898,0.7341,0.6219,33,64
934,0.706,0.737,0.6215,33,64
935,0.6886,0.7307,0.6284,33,64
936,0.8201,0.7582,0.6549,33,64
937,0.6824,0.7328,0.6351,33,64
938,0.6778,0.7296,0.6331,33,64
939,0.6892,0.7202,0.6307,33,64
940,0.6912,0.7201,0.6303,33,64
941,0.6864,0.718,0.6204,33,64
942,0.7066,0.7458,0.6383,33,64
943,0.6885,0.787,0.6706,33,64
944,0.7157,0.7586,0.6436,33,64
945,0.7034,0.7648,0.6494,33,64
946,0.702,0.7448,0.6527,33,64
947,0.7016,0.7458,0.6365,33,64
948,0.7004,0.7651,0.6431,33,64
949,0.7027,0.7399,0.6506,33,64
950,0.7024,0.7411,0.6363,33,64
951,0.719,0.7498,0.6414,33,64
952,0.7027,0.7463,0.6444,33,64
953,0.7031,0.7465,0.6342,33,64
954,0.701,0.7453,0.6384,33,64
955,0.7984,0.7581,0.6434,33,64
956,0.7014,0.7436,0.6325,33,64
957,0.7008,0.7469,0.6408,33,64
958,0.7041,0.7405,1.0574,33,64
959,0.9503,0.7883,0.64,33,64
960,0.7052,0.7511,0.6493,33,64
961,0.7054,0.7452,0.6421,33,64
962,0.7026,0.763,0.6485,33,64
963,0.699,0.749,0.6541,33,64
964,0.6978,0.7443,0.6417,33,64
965,0.6982,0.7432,1.0183,33,64
966,0.9128,0.7783,0.6626,33,64
967,0.685,0.7337,0.6339,33,64
968,0.6804,0.7305,0.6292,33,64
969,0.6789,0.7283,0.6592,33,64
970,0.6905,0.7207,0.6334,33,64
971,0.6883,0.7439,0.6522,33,64
972,0.6901,0.7276,0.635,33,64
973,0.8534,0.8502,0.6346,33,64
974,0.6957,0.7358,0.6249,33,64
975,0.7157,0.7336,0.6382,33,64
976,0.6827,0.781,0.6455,33,64
977,0.6834,0.7335,0.6329,33,64
978,0.6814,0.7339,0.6351,33,64
979,0.6892,0.7211,0.6516,33,64
980,0.6872,0.7206,1.0267,33,64
981,0.7105,0.7455,0.6411,33,64
982,0.6917,0.7316,0.6262,33,64
983,0.6797,0.7349,0.6356,33,64
984,0.6804,0.7558,0.6374,33,64
985,0.6813,0.7322,0.6275,33,64
986,0.6834,0.7314,0.6272,33,64
987,0.6773,0.7288,0.6337,33,64
988,0.736,0.7287,0.6501,33,64
989,0.691,0.7228,0.6358,33,64
990,0.6895,0.7243,0.6477,33,64
991,0.6916,0.734,0.6207,33,64
992,0.6865,0.7304,0.6245,33,64
993,0.6899,0.7314,0.6241,33,64
994,0.7117,0.7368,0.6231,33,64
995,0.6889,0.7282,0.6224,33,64
996,1.1033,0.7469,0.6364,33,64
997,0.6943,0.724,0.6309,33,64
998,0.7024,0.8814,0.6784,33,64
999,0.7074,0.7581,0.6572,33,64
1000,0.6814,0.731,0.6304,33,64
