Tx_Index,Protocol,HTTP_Latency_ms,HTTP_Status,Result
1,HTTP,21.791,201,ACCEPTED
2,HTTP,26.179,201,ACCEPTED
3,HTTP,16.79,201,ACCEPTED
4,HTTP,15.212,201,ACCEPTED
5,HTTP,7.44,201,ACCEPTED
6,HTTP,22.127,201,ACCEPTED
7,HTTP,18.809,201,ACCEPTED
8,HTTP,30.737,201,ACCEPTED
9,HTTP,16.81,201,ACCEPTED
10,HTTP,28.783,201,ACCEPTED
11,HTTP,16.221,201,ACCEPTED
12,HTTP,29.393,201,ACCEPTED
13,HTTP,10.726,201,ACCEPTED
14,HTTP,21.222,201,ACCEPTED
15,HTTP,29.55,201,ACCEPTED
16,HTTP,15.66,201,ACCEPTED
17,HTTP,15.245,201,ACCEPTED
18,HTTP,14.734,201,ACCEPTED
19,HTTP,16.249,201,ACCEPTED
20,HTTP,18.771,201,ACCEPTED
21,HTTP,28.762,201,ACCEPTED
22,HTTP,20.706,201,ACCEPTED
23,HTTP,9.657,201,ACCEPTED
24,HTTP,16.197,201,ACCEPTED
25,HTTP,19.474,201,ACCEPTED
26,HTTP,26.164,201,ACCEPTED
27,HTTP,15.181,201,ACCEPTED
28,HTTP,17.782,201,ACCEPTED
29,HTTP,30.865,201,ACCEPTED
30,HTTP,14.307,201,ACCEPTED
